naji marshall,nop
christian wood,dal
gabe vincent,mia
jaden hardy,dal
jimmy butler,mia
kevin love,mia
kyle lowry,mia
kyrie irving,dal
luka doncic,dal
reggie bullock,dal
tim hardaway jr.,dal
tyler herro,mia
brandon ingram,nop
cj mccollum,nop
herbert jones,nop
ivica zubac,lac
jonas valanciunas,nop
josh richardson,nop
kawhi leonard,lac
mason plumlee,lac
nicolas batum,lac
norman powell,lac
russell westbrook,lac
trey murphy iii,nop
dwight powell,dal
josh green,dal
maxi kleber,dal
larry nance jr.,nop
bryce mcgowens,cha
chris boucher,tor
fred vanvleet,tor
jakob poeltl,tor
james bouknight,cha
mark williams,cha
og anunoby,tor
pascal siakam,tor
scottie barnes,tor
svi mykhailiuk,cha
theo maledon,cha
cameron johnson,bkn
dorian finney-smith,bkn
joe harris,bkn
kelly olynyk,uta
mikal bridges,bkn
nicolas claxton,bkn
ochai agbaji,uta
royce o'neale,bkn
spencer dinwiddie,bkn
talen horton-tucker,uta
walker kessler,uta
drew eubanks,por
jaden mcdaniels,min
matisse thybulle,por
rudy gobert,min
shaedon sharpe,por
alex caruso,chi
coby white,chi
demar derozan,chi
desmond bane,mem
dillon brooks,mem
ja morant,mem
jaren jackson jr.,mem
luke kennard,mem
nikola vucevic,chi
patrick williams,chi
tyus jones,mem
xavier tillman,mem
zach lavine,chi
corey kispert,wsh
daniel gafford,wsh
delon wright,wsh
deni avdija,wsh
immanuel quickley,nyk
isaiah hartenstein,nyk
jalen brunson,nyk
josh hart,nyk
mitchell robinson,nyk
obi toppin,nyk
quentin grimes,nyk
rj barrett,nyk
de'aaron fox,sac
domantas sabonis,sac
harrison barnes,sac
keegan murray,sac
kevin huerter,sac
malaki branham,sas
malik monk,sac
tre jones,sas
trey lyles,sac
zach collins,sas
cole anthony,orl
cory joseph,det
eugene omoruyi,det
franz wagner,orl
gary harris,orl
isaiah livers,det
jaden ivey,det
jalen duren,det
jalen suggs,orl
james wiseman,det
killian hayes,det
markelle fultz,orl
marvin bagley,det
paolo banchero,orl
wendell carter jr.,orl
clint capela,atl
dejounte murray,atl
john collins,atl
onyeka okongwu,atl
trae young,atl
alperen sengun,hou
anthony davis,lal
austin reaves,lal
d'angelo russell,lal
jabari smith,hou
jalen green,hou
jarred vanderbilt,lal
kenyon martin jr.,hou
kevin porter jr.,hou
lebron james,lal
tari eason,hou
cameron payne,phx
chris paul,phx
deandre ayton,phx
devin booker,phx
isaiah joe,okc
jalen williams,okc
josh giddey,okc
josh okogie,phx
kevin durant,phx
luguentz dort,okc
shai gilgeous-alexander,okc
bobby portis,mil
brook lopez,mil
de'anthony melton,phi
giannis antetokounmpo,mil
grayson allen,mil
james harden,phi
joel embiid,phi
jrue holiday,mil
khris middleton,mil
tobias harris,phi
tyrese maxey,phi
aaron nesmith,ind
andrew nembhard,ind
bennedict mathurin,ind
darius garland,cle
donovan mitchell,cle
evan mobley,cle
jordan nwora,ind
t.j. mcconnell,ind
donte divincenzo,gsw
draymond green,gsw
jordan poole,gsw
klay thompson,gsw
stephen curry,gsw
patrick beverley,chi
jaylin williams,okc
p.j. tucker,phi
jt thor,cha
jarrett allen,cle
pat connaughton,mil
bam adebayo,mia
anthony edwards,min
karl-anthony towns,min
mike conley,min
seth curry,bkn
al horford,bos
jayson tatum,bos
marcus smart,bos
skylar mays,por
aaron wiggins,okc
keita bates-diop,sas
bismack biyombo,phx
johnny davis,wsh
kris dunn,uta
bones hyland,lac
eric gordon,lac
terance mann,lac
blake griffin,bos
de'andre hunter,atl
mike muscala,bos
payton pritchard,bos
saddiq bey,atl
sam hauser,bos
jaden springer,phi
jalen mcdaniels,phi
paul reed,phi
shake milton,phi
cedi osman,cle
dean wade,cle
lamar stevens,cle
raul neto,cle
ricky rubio,cle
jordan goodwin,wsh
jock landale,phx
torrey craig,phx
malcolm brogdan,bos
caris levert,cle
bogdan bogdanovic,atl
deandre hunter,atl
caleb martin,mia
damion lee,phx
terrence ross,phx
landry shamet,phx
ish wainwright,phx
christian braun,den
bruce brown,den
thomas bryant,den
kentavious caldwell pope,den
vlatko cancar,den
aaron gordon,den
jeff green,den
reggie jackson,den
nikola jokic,den
jamal murray,den
michael porter jr,den
malik beasley,lal
troy brown jr,lal
wenyan gabriel,lal
rui hachimura,lal
dangelo russell,lal
dennis schroder,lal
jamychal green,gsw
jonathan kuminga,gsw
anthony lamb,gsw
kevon looney,gsw
moses moody,gsw
gary payton ii,gsw
andrew wiggins,gsw
jaylen brown,bos
derrick white,bos
grant williams,bos
robert williams iii,bos
deanthony melton,phi
georges niang,phi
pj tucker,phi
julius randle,nyk
duncan robinson,mia
max strus,mia
cody zeller,mia
