al horford,c
corey kispert,sf
deni avdija,sf
jaylen brown,sg
jayson tatum,sf
kristaps porzingis,c
malcolm brogdon,pg
marcus smart,pg
bam adebayo,c
fred vanvleet,sg
gabe vincent,pg
jakob poeltl,c
jimmy butler,sf
kevin love,pf
og anunoby,sf
pascal siakam,pf
scottie barnes,sf
tyler herro,pg
bogdan bogdanovic,sg
clint capela,c
darius garland,pg
de'andre hunter,sf
dejounte murray,sg
donovan mitchell,sg
evan mobley,pf
john collins,pf
onyeka okongwu,pf
trae young,pg
cole anthony,pg
desmond bane,sg
dillon brooks,sf
franz wagner,sf
gary harris,sg
jalen suggs,sg
jaren jackson jr.,pf
luke kennard,sg
markelle fultz,pg
paolo banchero,pf
santi aldama,pf
tyus jones,pg
wendell carter jr.,c
xavier tillman,sf
dennis smith jr.,pg
nick richards,c
pj washington,pf
brandon ingram,sf
cj mccollum,sg
donte divincenzo,sg
draymond green,pf
herbert jones,sf
jonas valanciunas,c
jordan poole,sg
josh richardson,sg
kevon looney,sf
klay thompson,sg
stephen curry,pg
trey murphy iii,sg
aaron nesmith,sf
andrew nembhard,pg
bennedict mathurin,sg
brook lopez,c
giannis antetokounmpo,pf
grayson allen,sg
jordan nwora,sf
jrue holiday,pg
t.j. mcconnell,pg
kyrie irving,pg
luka doncic,pg
reggie bullock,sf
alperen sengun,c
cameron johnson,sf
dorian finney-smith,pf
jabari smith,pf
jalen green,sg
kenyon martin jr.,sf
kevin porter jr.,sg
mikal bridges,sf
nicolas claxton,c
royce o'neale,pf
spencer dinwiddie,pg
tari eason,sf
julius randle,pf
mitchell robinson,c
quentin grimes,sg
rj barrett,sg
anthony davis,pf
demar derozan,sf
lebron james,sf
nikola vucevic,c
patrick beverley,pg
zach lavine,sg
eric gordon,sg
ivica zubac,c
ja morant,pg
kawhi leonard,sf
nicolas batum,pf
russell westbrook,pg
isaiah livers,pf
jaden ivey,pg
jalen duren,c
james wiseman,c
killian hayes,pg
marvin bagley,pf
shai gilgeous-alexander,pg
doug mcdermott,sf
keita bates-diop,sf
kelly olynyk,pf
malaki branham,sg
ochai agbaji,sg
sandro mamukelashvili,pf
talen horton-tucker,sg
tre jones,pg
walker kessler,c
zach collins,pf
anthony edwards,sg
chris paul,pg
deandre ayton,c
devin booker,sg
karl-anthony towns,c
kevin durant,pf
mike conley,pg
rudy gobert,c
de'aaron fox,pg
domantas sabonis,pf
drew eubanks,pf
harrison barnes,sf
keegan murray,sf
kevin huerter,sg
malik monk,sg
matisse thybulle,sg
nassir little,sf
shaedon sharpe,sg
trey lyles,pf
khris middleton,sf
aaron gordon,pf
jamal murray,pg
kentavious caldwell-pope,sg
michael porter jr.,sf
naji marshall,sf
james harden,sg
joel embiid,c
tyrese maxey,pg
monte morris,pg
caris levert,sg
jalen brunson,pg
lamar stevens,sf
austin reaves,sg
d'angelo russell,pg
jaden mcdaniels,pf
jarred vanderbilt,pf
keldon johnson,sf
josh okogie,sf
p.j. tucker,pf
christian wood,sf
jaden hardy,sg
kyle lowry,pg
tim hardaway jr.,sf
mason plumlee,c
norman powell,sg
dwight powell,c
josh green,sg
maxi kleber,pf
larry nance jr.,pf
bryce mcgowens,sg
chris boucher,pf
james bouknight,sg
jt thor,sf
mark williams,c
svi mykhailiuk,sg
theo maledon,pg
joe harris,sf
alex caruso,sg
coby white,pg
patrick williams,pf
daniel gafford,c
delon wright,sg
immanuel quickley,sg
isaiah hartenstein,c
josh hart,sg
obi toppin,pf
cory joseph,pg
eugene omoruyi,sf
cameron payne,pg
isaiah joe,sg
jalen williams,sf
josh giddey,sg
luguentz dort,sg
bobby portis,sf
de'anthony melton,sg
tobias harris,pf
jaylin williams,sf
jarrett allen,c
pat connaughton,sg
seth curry,sg
skylar mays,sg
aaron wiggins,sg
bismack biyombo,c
johnny davis,sg
kris dunn,sg
bones hyland,pg
terance mann,sg
blake griffin,pf
mike muscala,c
payton pritchard,pg
saddiq bey,sf
sam hauser,sf
jaden springer,sg
jalen mcdaniels,pf
paul reed,sf
shake milton,sg
cedi osman,sf
dean wade,pf
raul neto,pg
ricky rubio,pg
jordan goodwin,sg
jock landale,c
torrey craig,sf
naji marshall,sf
damion lee,sg
terrence ross,sg
landry shamet,sg
ish wainwright,sf
christian braun,sg
bruce brown,sf
thomas bryant,c
kentavious caldwell pope,sg
vlatko cancar,sf
jeff green,pf
reggie jackson,pg
nikola jokic,c
michael porter jr,sf
troy brown jr,sf
wenyan gabriel,sf
rui hachimura,pf
dangelo russell,pg
dennis schroder,pg
jamychal green,sf
jonathan kuminga,pf
anthony lamb,sf
moses moody,sg
gary payton ii,sg
andrew wiggins,sf
malcolm brogdan,pg
derrick white,pg
grant williams,pf
robert williams iii,c
deanthony melton,sg
georges niang,sf
pj tucker,pf
caleb martin,sf
duncan robinson,sf
max strus,sg
cody zeller,c
